sample_id,taxon,TSNE 1,TSNE 2
s20011_0001,Akkermansia,-6.646024,-7.329967
s20011_0001,Anaerostipes,-4.4596157,18.26087
s20011_0001,Anaerotruncus,57.763218,14.070005
s20011_0001,Bacteroides,-36.644543,9.407182
s20011_0001,Bifidobacterium,35.365025,11.87821
s20011_0001,Blautia,-23.906338,-9.794666
s20011_0001,Butyricicoccus,-43.874638,-18.870472
s20011_0001,Desulfovibrio,55.808582,-14.129892
s20011_0001,Dialister,5.7327194,-7.742749
s20011_0001,Eggerthella,33.25649,-11.041386
s20011_0001,Erysipelatoclostridium,8.850101,55.39905
s20011_0001,Escherichia,37.393177,-2.8360085
s20011_0001,Faecalibacterium,-58.81636,-2.5223303
s20011_0001,Faecalitalea,17.43258,4.801232
s20011_0001,Flavonifractor,-20.77978,-57.55037
s20011_0001,Gordonibacter,40.57147,-5.215007
s20011_0001,Holdemania,23.759604,7.380394
s20011_0001,Hungatella,-1.4717975,60.453075
s20011_0001,Intestinibacter,63.77521,-7.1099615
s20011_0001,Lachnoclostridium,-29.322634,-42.6563
s20011_0001,Lachnospira,-51.51357,-6.2763906
s20011_0001,Parasutterella,-68.83971,6.7471867
s20011_0001,Roseburia,-30.88163,44.300438
s20011_0001,Ruminococcus,-39.968117,-61.746147
s20011_0001,Streptococcus,-4.30092,61.022507
s20011_0001,Subdoligranulum,44.774754,9.956141
s20011_0001,Tyzzerella,17.633963,9.372473
s20011_0006,Akkermansia,5.3287797,-7.7747245
s20011_0006,Alistipes,43.46204,37.55798
s20011_0006,Anaerostipes,-4.9123664,19.955767
s20011_0006,Bacteroides,-33.90512,11.638552
s20011_0006,Barnesiella,8.144059,-22.15294
s20011_0006,Bifidobacterium,35.187725,11.657578
s20011_0006,Bilophila,30.724485,-1.9012756
s20011_0006,Blautia,-22.845425,-9.611541
s20011_0006,Butyricicoccus,-42.062122,-21.082306
s20011_0006,Butyricimonas,17.089556,-16.443031
s20011_0006,Collinsella,-8.756641,61.08721
s20011_0006,Coprococcus,-36.612755,-62.425873
s20011_0006,Dialister,0.7638167,-6.4653153
s20011_0006,Dorea,-23.730839,-58.449368
s20011_0006,Enterococcus,-3.8794143,60.918327
s20011_0006,Erysipelatoclostridium,-3.8825505,56.531662
s20011_0006,Escherichia,16.422586,-20.023893
s20011_0006,Faecalibacterium,-68.47277,0.8883333
s20011_0006,Gordonibacter,7.371861,-9.218321
s20011_0006,Holdemania,23.564756,7.405163
s20011_0006,Intestinibacter,63.572315,-9.876365
s20011_0006,Lachnoclostridium,16.18459,50.34044
s20011_0006,Lachnospira,-26.086075,-45.417637
s20011_0006,Lactobacillus,24.73087,40.381527
s20011_0006,Lactococcus,-28.446033,-42.616764
s20011_0006,Marvinbryantia,44.793633,11.161353
s20011_0006,Methanosphaera,17.07087,-12.395741
s20011_0006,Mogibacterium,24.628838,43.675964
s20011_0006,Odoribacter,4.897368,-27.880108
s20011_0006,Parabacteroides,44.352146,-19.434752
s20011_0006,Roseburia,-40.58943,37.562363
s20011_0006,Ruminococcus,-53.737404,-6.648217
s20011_0006,Streptococcus,-36.2963,-32.43972
s20011_0006,Subdoligranulum,9.240903,20.497774
s20011_0011,Akkermansia,-6.689471,-7.3551044
s20011_0011,Alistipes,46.78086,39.32509
s20011_0011,Anaerofustis,58.272385,-1.9178439
s20011_0011,Anaerostipes,-6.1243944,24.198915
s20011_0011,Anaerotruncus,58.55904,14.502714
s20011_0011,Bacteroides,-35.413715,10.644172
s20011_0011,Barnesiella,-8.143643,-19.55783
s20011_0011,Bifidobacterium,36.80694,21.174395
s20011_0011,Blautia,-22.424799,-8.352487
s20011_0011,Butyricicoccus,-35.761917,-31.36443
s20011_0011,Dialister,0.13477683,-5.968554
s20011_0011,Dorea,-36.045135,-33.872803
s20011_0011,Eggerthella,32.244465,-12.123769
s20011_0011,Enterococcus,15.45339,49.474003
s20011_0011,Erysipelatoclostridium,-45.179592,-60.861656
s20011_0011,Escherichia,39.268448,-3.2679482
s20011_0011,Faecalibacterium,-59.32227,-2.266437
s20011_0011,Flavonifractor,-2.248,62.58529
s20011_0011,Fusobacterium,43.265873,-18.764248
s20011_0011,Gordonibacter,7.198081,-9.277723
s20011_0011,Holdemania,18.904638,7.8746877
s20011_0011,Hungatella,15.183678,50.407467
s20011_0011,Lachnoclostridium,-22.523756,-59.369347
s20011_0011,Lactococcus,23.917162,42.095173
s20011_0011,Odoribacter,2.6043503,-27.250198
s20011_0011,Roseburia,-45.895824,36.786503
s20011_0011,Ruminococcus,-41.209053,-61.905933
s20011_0011,Streptococcus,-22.749228,-66.11348
s20011_0011,Subdoligranulum,9.927949,20.38197
s20011_0011,Tyzzerella,16.997475,10.152934
s20011_0016,Adlercreutzia,5.168411,59.39833
s20011_0016,Akkermansia,8.437885,15.185603
s20011_0016,Alistipes,47.911682,39.79567
s20011_0016,Anaerostipes,-6.2556825,23.10171
s20011_0016,Bacteroides,65.80243,-9.616116
s20011_0016,Barnesiella,-10.423538,-18.367544
s20011_0016,Bifidobacterium,47.60933,-4.285432
s20011_0016,Bilophila,26.240368,-3.0593972
s20011_0016,Blautia,-27.002949,-9.229687
s20011_0016,Butyricicoccus,-37.406055,-27.836206
s20011_0016,Butyricimonas,15.721104,-18.51611
s20011_0016,Collinsella,-42.26687,-62.008274
s20011_0016,Coprococcus,23.549171,44.57199
s20011_0016,Dorea,-6.2192063,59.523636
s20011_0016,Eggerthella,33.36437,-10.9276085
s20011_0016,Erysipelatoclostridium,9.537551,55.146667
s20011_0016,Faecalibacterium,-60.80855,-1.537674
s20011_0016,Faecalitalea,16.855927,3.72258
s20011_0016,Flavonifractor,-1.5723013,62.185596
s20011_0016,Holdemania,18.135902,6.0500755
s20011_0016,Lachnoclostridium,-54.55507,-8.387867
s20011_0016,Lactobacillus,25.553165,38.86916
s20011_0016,Lactococcus,9.5647545,53.93467
s20011_0016,Odoribacter,6.06955,-27.73512
s20011_0016,Parabacteroides,44.502357,-19.678368
s20011_0016,Parasutterella,-45.46754,-15.974386
s20011_0016,Phascolarctobacterium,70.00226,-0.95327795
s20011_0016,Roseburia,-44.403107,36.613552
s20011_0016,Ruminococcus,-43.04582,-18.403473
s20011_0016,Solobacterium,16.45743,49.37475
s20011_0016,Streptococcus,-51.51249,-7.983805
s20011_0016,Subdoligranulum,-31.46822,43.607933
s20011_0016,Tyzzerella,13.656246,13.121036
s20011_0021,Alistipes,45.150093,38.472584
s20011_0021,Alloprevotella,11.269258,-16.770134
s20011_0021,Anaerostipes,-6.4778996,25.636984
s20011_0021,Bacteroides,-36.88362,12.853776
s20011_0021,Barnesiella,11.260531,-17.231825
s20011_0021,Bifidobacterium,-37.98689,6.9965396
s20011_0021,Bilophila,30.168663,-2.0477211
s20011_0021,Blautia,-25.802801,-9.426588
s20011_0021,Butyricicoccus,-42.488667,-20.643976
s20011_0021,Butyricimonas,11.41153,-23.639338
s20011_0021,Collinsella,-22.611704,-61.499092
s20011_0021,Coprococcus,-34.212532,-61.77592
s20011_0021,Desulfovibrio,57.010197,-14.830653
s20011_0021,Dorea,-24.949675,-54.2663
s20011_0021,Erysipelatoclostridium,-4.389624,56.80065
s20011_0021,Faecalibacterium,-44.54239,-17.075645
s20011_0021,Holdemanella,9.746494,15.049408
s20011_0021,Intestinibacter,64.406845,-8.891002
s20011_0021,Lachnoclostridium,4.5298057,57.359596
s20011_0021,Leuconostoc,-44.781555,-63.227932
s20011_0021,Marvinbryantia,44.720215,8.656433
s20011_0021,Mogibacterium,4.8660307,60.728687
s20011_0021,Odoribacter,6.480868,-27.451935
s20011_0021,Parabacteroides,46.980568,-23.581152
s20011_0021,Paraprevotella,44.391293,-9.15112
s20011_0021,Phascolarctobacterium,65.42675,-0.79494435
s20011_0021,Roseburia,-29.981834,45.15212
s20011_0021,Ruminococcus,-40.15653,-24.14328
s20011_0021,Slackia,26.918499,42.37325
s20011_0021,Streptococcus,-36.61108,-31.55494
s20011_0021,Subdoligranulum,-34.23876,40.710884
s20011_0021,Tyzzerella,15.999757,11.245672
s20011_0026,Alistipes,48.40684,40.85176
s20011_0026,Anaerostipes,-5.3641667,22.86536
s20011_0026,Anaerotruncus,59.484543,15.989667
s20011_0026,Bacteroides,-32.48342,12.079978
s20011_0026,Barnesiella,-10.869566,-18.401463
s20011_0026,Bilophila,12.333035,-24.683935
s20011_0026,Blautia,-23.99822,-11.321898
s20011_0026,Butyricicoccus,-50.881546,-8.51794
s20011_0026,Butyricimonas,14.772469,-19.749638
s20011_0026,Butyrivibrio,11.381106,14.413583
s20011_0026,Cloacibacillus,-34.285675,-25.553164
s20011_0026,Collinsella,-21.50479,-66.041176
s20011_0026,Coprococcus,-25.381594,42.22728
s20011_0026,Desulfovibrio,56.136845,-14.320801
s20011_0026,Dialister,44.859863,-25.120007
s20011_0026,Dorea,-24.326132,-57.977863
s20011_0026,Erysipelatoclostridium,-5.801379,58.06093
s20011_0026,Faecalibacterium,-69.31117,1.1782063
s20011_0026,Flavonifractor,-39.623783,-24.940676
s20011_0026,Holdemania,18.437521,7.721146
s20011_0026,Lachnoclostridium,-42.50425,-19.141474
s20011_0026,Lachnospira,-52.27055,-5.8456755
s20011_0026,Odoribacter,-1.6410861,-28.252115
s20011_0026,Parabacteroides,45.762253,-23.278454
s20011_0026,Pseudoflavonifractor,59.565132,-2.7198393
s20011_0026,Roseburia,-45.205738,37.455345
s20011_0026,Ruminococcus,-65.85036,0.3639337
s20011_0026,Slackia,28.559332,40.853596
s20011_0026,Streptococcus,-54.721127,-5.281705
s20011_0026,Subdoligranulum,8.56463,20.802977
s20011_0026,Veillonella,19.790705,-16.665367
s20011_0031,Akkermansia,7.24977,15.200925
s20011_0031,Alistipes,43.07812,37.351994
s20011_0031,Anaerotruncus,60.259754,16.882204
s20011_0031,Bacteroides,-37.140892,8.478044
s20011_0031,Barnesiella,9.383509,-22.252573
s20011_0031,Blautia,-21.7672,-7.931502
s20011_0031,Butyricicoccus,-9.400705,61.106514
s20011_0031,Butyricimonas,17.449633,-16.037058
s20011_0031,Coprococcus,-11.402275,60.386486
s20011_0031,Dorea,-44.321224,-61.311527
s20011_0031,Lachnoclostridium,-21.422644,-57.722843
s20011_0031,Parabacteroides,43.731747,0.22447383
s20011_0031,Phascolarctobacterium,65.529465,-0.7958947
s20011_0031,Roseburia,-30.270918,45.58074
s20011_0031,Ruminococcus,-66.78476,0.55915415
s20011_0031,Streptococcus,-22.192709,-66.77194
s20011_0031,Subdoligranulum,-34.987274,40.13268
s20011_0035,Akkermansia,45.12402,-1.6614575
s20011_0035,Alistipes,-38.63049,5.9655476
s20011_0035,Anaerofustis,56.822876,-1.2798055
s20011_0035,Anaerostipes,47.163853,-2.7715526
s20011_0035,Bacteroides,-2.0399013,-29.72758
s20011_0035,Barnesiella,39.247982,-2.2797701
s20011_0035,Blautia,48.188152,-5.3990717
s20011_0035,Butyricicoccus,-22.616901,-62.594822
s20011_0035,Butyricimonas,46.131752,-0.25298786
s20011_0035,Collinsella,46.910343,1.3324383
s20011_0035,Coprococcus,28.443464,34.567062
s20011_0035,Desulfovibrio,47.177597,-0.28143004
s20011_0035,Dorea,27.470724,35.514774
s20011_0035,Erysipelatoclostridium,48.34897,3.2602265
s20011_0035,Escherichia,42.13197,-2.1876526
s20011_0035,Faecalibacterium,9.612935,52.702023
s20011_0035,Flavonifractor,-38.85045,-60.367687
s20011_0035,Lachnoclostridium,27.705364,34.25802
s20011_0035,Lachnospira,-26.667885,-43.864697
s20011_0035,Marvinbryantia,45.035275,3.047645
s20011_0035,Odoribacter,39.280056,-4.4268374
s20011_0035,Oribacterium,-0.6091145,59.958534
s20011_0035,Parabacteroides,45.514595,0.4402185
s20011_0035,Parasutterella,7.08161,58.785583
s20011_0035,Phascolarctobacterium,51.58998,-0.43581238
s20011_0035,Roseburia,44.619335,6.4784927
s20011_0035,Ruminococcus,26.97074,36.471718
s20011_0035,Slackia,47.469,1.8584024
s20011_0035,Streptococcus,25.852453,38.371902
s20011_0035,Subdoligranulum,44.628784,7.088177
s20011_0039,Acidaminococcus,34.184135,10.720769
s20011_0039,Adlercreutzia,-35.408546,-26.317247
s20011_0039,Aggregatibacter,-33.007797,-61.276787
s20011_0039,Alistipes,49.83603,40.887264
s20011_0039,Anaerostipes,-5.1853704,23.79086
s20011_0039,Bacteroides,-35.449085,11.850788
s20011_0039,Barnesiella,-7.449169,-18.752499
s20011_0039,Bifidobacterium,37.66782,21.424671
s20011_0039,Bilophila,29.166975,-2.3189356
s20011_0039,Blautia,-21.145313,-9.723504
s20011_0039,Butyricicoccus,-37.01893,-27.470451
s20011_0039,Butyricimonas,14.285038,-20.240187
s20011_0039,Collinsella,3.8126724,57.913937
s20011_0039,Coprococcus,-24.9729,42.398315
s20011_0039,Dialister,-0.15007506,-5.3762136
s20011_0039,Dorea,-24.620708,-54.340294
s20011_0039,Escherichia,0.9742491,-25.792427
s20011_0039,Faecalibacterium,-70.27846,1.5744481
s20011_0039,Haemophilus,37.584362,23.308697
s20011_0039,Intestinibacter,63.682625,-6.8786387
s20011_0039,Lachnoclostridium,-29.056164,-43.31101
s20011_0039,Lachnospira,-24.032526,-64.10945
s20011_0039,Leptotrichia,-31.33395,12.3968315
s20011_0039,Odoribacter,-1.5950581,-27.404264
s20011_0039,Parabacteroides,48.2985,-23.926678
s20011_0039,Paraprevotella,44.47579,-10.55038
s20011_0039,Parasutterella,-36.58211,-63.65117
s20011_0039,Roseburia,-45.252792,36.266434
s20011_0039,Ruminococcus,-64.60385,0.076376036
s20011_0039,Streptococcus,-37.00966,-29.129488
s20011_0039,Subdoligranulum,-40.72541,37.42017
s20011_0039,Sutterella,-2.6479845,-26.302837
s20011_0039,Veillonella,6.1917553,-29.533838
s20011_0043,Akkermansia,-1.0010396,-7.1333976
s20011_0043,Alistipes,48.83453,39.946693
s20011_0043,Anaerofustis,57.703392,-1.668004
s20011_0043,Anaerostipes,-4.6682096,19.012207
s20011_0043,Anaerotruncus,58.06183,14.872263
s20011_0043,Bacteroides,-35.9444,11.179563
s20011_0043,Barnesiella,-7.216444,-18.458765
s20011_0043,Bifidobacterium,37.08824,21.865814
s20011_0043,Bilophila,26.417633,-3.3507085
s20011_0043,Blautia,-20.117395,-10.066977
s20011_0043,Butyricicoccus,-21.988024,-64.8789
s20011_0043,Butyricimonas,11.190017,-23.022562
s20011_0043,Collinsella,-10.356937,61.45211
s20011_0043,Coprobacillus,38.14475,-5.5098605
s20011_0043,Coprococcus,-25.983595,40.890064
s20011_0043,Dorea,-23.49655,-67.52013
s20011_0043,Erysipelatoclostridium,8.292561,56.018166
s20011_0043,Escherichia,18.207256,-16.834917
s20011_0043,Faecalibacterium,-62.07614,-0.9657098
s20011_0043,Holdemanella,12.453325,13.891485
s20011_0043,Lachnoclostridium,-44.36318,-62.70052
s20011_0043,Lachnospira,-26.326162,-44.869236
s20011_0043,Lactococcus,-38.999332,-61.464252
s20011_0043,Odoribacter,1.7861743,-26.936102
s20011_0043,Parabacteroides,45.775116,-23.783113
s20011_0043,Paraprevotella,44.558422,-11.766852
s20011_0043,Parasutterella,-68.85931,6.7199697
s20011_0043,Phascolarctobacterium,69.866104,-0.900416
s20011_0043,Pseudoflavonifractor,50.395912,-0.3797439
s20011_0043,Roseburia,-33.07622,41.066452
s20011_0043,Ruminococcus,-64.12093,0.006100999
s20011_0043,Slackia,28.280903,41.129353
s20011_0043,Streptococcus,-53.1538,-7.231849
s20011_0043,Subdoligranulum,-33.608845,41.588585
s20011_0043,Sutterella,17.261534,-13.809318
s20011_0043,Tyzzerella,14.865157,12.206146
