,PC1,PC2,PC3,PC4,PC5,PC6,PC7,PC8,PC9,PC10,PC11,PC12,PC13,PC14,PC15,PC16,PC17,PC18,PC19,PC20,PC21,PC22,PC23,PC24,PC25,PC26,PC27,PC28,PC29,PC30,PC31,PC32,PC33,PC34,PC35,PC36,PC37,PC38,PC39,PC40,PC41,PC42,PC43,PC44,PC45,PC46,PC47,PC48,id,Type,sample_information
0,-0.16603535387263277,0.10652218419377892,-0.11833983615419447,-0.06827225130988097,-0.22399056025509967,-0.14771019357599097,0.07248376239202106,0.03620760324653915,0.03911874429175716,0.1319449311286166,0.08648481430876577,0.01714472077511704,0.08842024553680362,-0.02330684467992964,0.03187245219977649,-0.05681108072666093,-0.06955356427048365,0.15396840817446453,0.17002232745642853,0.1680447797752316,0.011943309802801073,0.011916844150467863,-0.14264206676895544,0.16578899595999105,-0.022500709698898894,0.03835084288186912,-0.05430220857293807,0.22017967289559445,-0.08561634075545028,0.03423744801355035,0.16154980670891156,0.003664929968997905,-0.07099479967348306,0.056391335099028536,-0.12214688287595993,0.03220725172605002,-0.0549074052204366,0.09679053161048444,0.037995757096463655,-0.009626886596304278,-0.12181730044277432,-0.06826998162162874,0.08585663126547147,-0.057146906220667086,-0.03499650032342642,-0.0346867001312063,0.034701963560676924,-0.0,s20011_0001,H,K1
1,-0.15332042452389405,0.023037436658708457,0.1150941104568926,0.19357916930420704,0.013513400648978342,0.33070744309792305,0.1669954037546875,0.08205770959875307,0.2608845721525767,0.08430093464356504,0.24203290561981045,-0.05061202787960336,-0.042699236540765795,0.05978926751454087,-0.06783799896002113,0.10561884729514107,0.026424811456088,0.17628810872636333,-0.05318453093945324,-0.015583294886739795,-0.08983044106344004,-0.04006230395203653,-0.07148002991399952,0.05312475500001148,-0.08620033101422814,0.01744759292293393,-0.019552273969970595,-0.10521886091965792,0.07030575947512051,0.00424622201600179,-0.010279883038102655,0.023114913744241385,0.04149244349808889,-0.004404919596790091,-0.06378810395756603,-0.07719040286420747,0.0048787182857841956,0.028443851412166463,0.05099789923625374,0.0024314410926352423,0.04336393986282346,0.06917266162871274,0.012211763397835368,0.024479936126164947,-0.06295600701965648,0.0429101910648378,0.019851032432365162,-0.0,s20011_0002,T3cDM,PDM1
2,0.012211130321428303,0.07173818083903508,-0.08334408444942168,-0.001854907505885006,0.13751166535790652,0.0695532220012557,-0.06965690787640819,-0.24827046100367456,0.07846587140159264,0.0072605518608008365,-0.04023319957313009,-0.08020430083133243,0.11434747589202808,-0.06484258958459134,-0.017571239445065227,-0.013468732811479997,-0.046369631344335686,-0.14059014505749026,-0.014249907889065118,-0.187464874790866,-0.22285320452016763,-0.17550083792747473,-0.05046348269391086,0.025908678355695693,-0.0560980529788288,-0.042258953473049185,-0.25522261571186705,0.1293134947188105,-0.12669657979072146,0.06321128512866857,0.069713251541435,0.16238510023920205,-0.15936556237649147,-0.022026101541205052,0.0018847768250924175,-0.008511643074526162,0.037654033960848605,-0.02059465659788512,0.02259215143365638,0.09511699146251876,0.024774421500558672,0.041735895960310326,-0.05956697491856717,0.024347240652843563,-0.03128631688589825,-0.01568546227418881,0.004399847664198061,-0.0,s20011_0003,T3cDM,PDM13
3,0.07833623032206714,0.06003064349461631,-0.008892162209361325,0.002720599702296995,-0.002597783814345298,-0.12570081074426234,-0.06291760589793235,0.1369341525641752,-0.027099984634429402,-0.0361951220897065,0.057205212232204296,-0.26496125407591103,-0.2732288169843517,0.03891125092050646,-0.116507065888807,0.08836575893720704,-0.037509960784544626,0.0056266423752090134,-0.02705606764766459,-0.11406142092712257,-0.1266964458639697,0.06010891367336292,0.0834937089927928,0.2120750246045128,0.03254490104115567,-0.08842506850753655,0.033378999206241676,-0.01404089957456345,-0.045829992159353704,0.03605626199659259,0.020712826467840992,-0.039611226207693605,-0.006950494814047175,0.2627733824193621,0.07513590385139358,0.11030461315097463,0.11882589144925565,-0.058658476390358545,-0.029573275208915478,0.10439652700445763,0.001504943908091205,-0.06368889151233983,0.10681588291663006,-0.009069860362156363,-0.02686309761788994,-0.03298358665270593,0.0007967777032795453,-0.0,s20011_0004,T1DM,DM1
4,0.1517767406698279,-0.05980763892788093,0.02090172531717544,0.0019117097949789563,0.0034536982234907483,-0.0358168496358703,0.023503058243401945,0.03796860357547127,0.12118837948949227,0.08620023548685496,-0.018122295454614926,0.0676236253341143,-0.006008949068609235,0.04712686269210585,-0.03526508167481362,-0.12034403424693761,0.004327499557478239,0.07760854691085178,-0.06264996803356856,0.02973711703902852,0.07547893524615149,0.08497515886015587,0.10136164671653014,-0.06055603021487578,-0.023848299076147855,0.011686394812726236,0.009833703663883244,-0.1480556808090527,-0.023088808966078615,-0.05527178039433036,0.16907295909984063,0.15004565187446486,-0.14107503686127568,0.005416709382860899,0.1422927741055126,0.32385950644179506,-0.17894131621285803,0.1284261120913254,-0.008006919851827506,0.10679296660628772,0.02070036732525922,0.06381705845304386,-0.142632288611411,0.043653880204904114,-0.14655401369335203,-0.049311964022349025,0.009980981251254363,-0.0,s20011_0005,T1DM,DM13
5,0.0854032042329451,0.07055761282391963,-0.039084593939515175,-0.041542571030080924,-0.0983329546618618,-0.03725203994160316,-0.07269472962428779,-0.11019925284432176,-0.10334436223796051,0.07849935136594317,0.1024633764691616,-0.0666368112871583,0.005227050503725079,0.0037200829238726884,0.03996154869343276,-0.11297026586582436,0.06101626502935906,0.1035989500522302,-0.1696410530345072,0.2010243773920153,-0.16351225187100035,-0.2069381887163115,-0.07556044829930887,-0.027107017957487458,-0.124791028681383,0.020912253253954634,0.09532423668802234,-0.05103944061300505,0.052010042674635076,-0.24137307665083052,-0.22291679205750933,-0.05416389356530463,-0.16245533221274028,0.0027835333582571327,0.13347191439073208,0.004269357892381423,-0.05111163790647024,-0.09848157048203898,-0.007074881552878087,0.016015939395456726,-0.010051886403028338,-0.023605262618978547,0.054427578318001914,-0.02672805552505822,0.03933773699502381,0.03540075437506473,0.014667378661485275,-0.0,s20011_0006,H,K2
6,-0.2015238712140179,0.06332209779299962,-0.11966617050364214,-0.04178345888031895,-0.22005559094752392,0.06296828317597228,-0.061110870340202315,-0.017805853366500486,-0.15338499511758677,0.07145527828950815,0.06887061065378497,0.0721234995538176,-0.12628329291155937,-0.07492791117197437,-0.0768906533957284,-0.006678192821020988,-0.05799518021303368,0.03272106683447381,-0.033794006395624424,-0.0820653517149231,-0.06563474805728213,0.07760174350123596,0.10009040743739513,-0.013735638106777154,0.14677679629850218,0.012521002197699017,-0.03136540791810908,-0.05062512257623374,0.08022986226161219,0.08495083396063613,-0.07911057236272818,0.21457390585863803,-0.05243212095041007,-0.20362267256739078,0.0034287800513586094,0.12262637644798902,0.09688162927465815,-0.06194270421427647,-0.028361071141758794,-0.243580404679165,0.14307220435922505,-0.020842590796487433,0.010549355052569095,-0.017338258928036303,-0.009442417738298837,-0.057265931972930326,-0.01812649172158161,-0.0,s20011_0007,T3cDM,PDM2
7,-0.07082099407307738,-0.17364524864671327,0.055101860947807016,0.05068547971329099,-0.1875582240001561,0.19636730262141844,-0.06174071792422472,-0.02758069783460043,-0.028488006204744114,-0.06070857712189649,-0.020036240468653384,-0.06283191073564046,0.011817116515941672,0.016611427257612162,-0.002397159821784406,-0.0786552283749362,-0.010609502825362594,-0.011151936564611732,0.18041912614127778,-0.01619040443084321,0.08685621516274916,0.024158084914892554,0.11210774347024509,0.1591410182023022,0.04818161277984424,0.04066267397504235,-0.12066750197234331,0.057102849433606405,-0.02203076280051483,-0.16812918479784147,0.08525677833033365,-0.06604561995465881,0.031020010857273714,0.011870103537679162,0.21269723063494617,-0.1440380270777195,-0.12624760666753387,-0.22598714985026902,-0.13324960106484893,0.002542060983770702,-0.031205028324857217,-0.04395948090201126,-0.1498068988568084,0.02106322759721785,-0.03380565700530279,-0.009204771535348625,-0.058893356339684844,-0.0,s20011_0008,T3cDM,PDM14
8,0.02848882556283669,0.005456204483581673,-0.1740142128973364,-0.05705098280089059,0.11577208981448392,-0.013018130243142441,-0.0037054598347543493,0.025139195459357864,0.2163944452695971,-0.0689166699775941,0.0004430233298713322,0.027899076177990645,0.008187771920841375,-0.10941571388184747,-0.029871411274806844,-0.10256287760191485,0.06219011307530623,-0.01344835023843236,0.12146920314265748,0.015614677325760884,0.22463421205151657,-0.07550119444600968,-0.071484539449903,0.17699469128703876,-0.11020761821139419,-0.0575069313295301,-0.016993605770312947,-0.14098415517785884,-0.05860813978658205,0.1595924295104288,-0.17608089981004912,-0.14067608212003052,-0.03705574718803429,-0.1581507018274606,0.04706693898900979,0.10639157121289454,0.0841843348979046,-0.08105613088632888,-0.18146165656910698,-0.0190001148999149,0.02729716228345395,0.03978493581202034,0.07414515610567228,-0.08584896657747965,-0.033619191935683405,0.011733638411994563,-0.01175097972769327,-0.0,s20011_0009,T1DM,DM2
9,0.044419861134085824,0.12648363630794038,-0.07410123519573275,-0.13936607251849703,0.001390346186458389,-0.004749969063887528,0.05794619732044965,0.13666253139048884,-0.10107381642206247,-0.34499399097963257,0.18695245780675065,-0.13183605808798712,0.33786407280070824,-0.04102362399198738,-0.03328118265566628,-0.08997891269980486,0.00796318658196713,0.07916295984705488,-0.021720891768118283,-0.1576962912583981,-0.02579182809258298,0.0033279904435706336,-0.03285739803870138,0.008174579402793066,0.08595587828918119,0.06572301793091719,0.07371688442532615,-0.07706840713450319,-0.0022878655470968995,-0.0660530054958273,0.04773771320324738,0.046448290089796083,0.13698663569437025,-0.058024852420174605,0.029781125189858787,0.01834670018303008,-0.0318688420433318,0.022885622550805375,0.0658237933645088,0.02855061982068288,0.009017486879150325,0.03313725747439943,0.028506500057954545,0.038356235909640234,0.00510304671258472,-0.029751880169599638,0.00990876072087663,-0.0,s20011_0010,T1DM,DM14
10,-0.21400576784636383,0.010289287375604602,-0.12788410298074604,0.03683047148753018,-0.035456224387624066,-0.036269387998824384,0.1881879144412404,-0.12363665917725707,-0.03038683402075648,-0.15526355821108617,-0.13746424266224758,-0.08048797474064301,-0.043910656584126975,-0.0473883170833974,-0.03212370546914046,-0.026234453168952416,-0.07521039378407073,0.04673745669589294,0.06598501100043726,0.02243185776295352,-0.06135436193400876,-0.0601599448629755,0.12878832058349857,-0.1333855128607329,-0.1513929930699119,-0.19159478614896566,0.14198139587188388,-0.19182211639275443,0.11995957626017421,0.01042563383629918,0.15196770457480033,-0.05570180847306461,-0.08733409326451651,0.01011268935933464,-0.11876705155759186,-0.05148705396753209,0.06705248048821053,0.0018847433112626547,-0.05838463879565642,0.014684678900047198,-0.1522700818674685,-0.06594039146762154,-0.1362211353865531,0.01500127033031222,0.04694246373101787,-0.02492746219848083,-0.018877815645696676,-0.0,s20011_0011,H,K3
11,0.03176580523497748,0.1397918514985056,0.10808098057423335,-0.013149971720819786,0.0739631361336998,0.007558802617644514,0.07469615596041262,-0.03862524111817643,0.004463447879332044,-0.06022033433993566,-0.07161888833601106,-0.013565647721711642,-0.17360753582997826,-0.3065340740687433,0.41724589884024216,-0.1127282463571026,0.13440980182042642,0.12607771119273556,-0.05740321007399355,0.04104614690859572,-0.045334062168261934,0.08183877481244355,0.07173340441369623,0.04645241669266135,0.035607387222905545,-0.04256939767976901,-0.11243586825984779,-0.0035378219254446194,0.007969917248538008,-0.02921423929992816,0.062315095709780936,0.032660190848756605,0.1234586518470105,0.00656108170290232,-0.023114369295655104,-0.030613975534977744,-0.020488071373417654,0.006537816345421292,0.009003737497619277,0.006668710401351254,0.07133572324474095,0.028472360082628916,0.0343546263079105,-0.048747462226800514,-0.01020419189598463,0.00734103103347373,0.009480537330401523,-0.0,s20011_0013,T3cDM,PDM15
12,0.047894307536756026,0.15976197372807255,-0.0602309789069666,-0.07226729420681341,-0.014182220816831879,0.13094282157827555,-0.06417847202754906,0.06603710125368965,-0.02632250801244917,-0.11762788920479826,0.004614377104699802,-0.18510864910976688,-0.1356027370047025,0.2485714953514417,0.11482332617928587,-0.07224200446876286,-0.23402963161742027,-0.06744989732703398,-0.08486083842476469,0.13725399397540577,0.1935488550685578,0.0007420638308761136,0.07581660842268756,-0.148377909472942,-0.1512518264313744,0.1429166876387087,-0.15508898369989813,0.053214299167081404,0.001089471304859668,0.10007160465735715,-0.04859238644830102,0.06809388851174869,0.030839487787382963,0.0006722378735130871,-0.09434167989797024,-0.011819819365961744,-0.037278382029405026,-0.006565611954288093,-0.00585859923877515,0.005778120816479598,-0.03241074016832358,0.06035381604131131,0.006595922061212712,-0.031461301827009305,0.038735928488185856,0.009234843266427328,0.0045425199577884745,-0.0,s20011_0014,T1DM,DM3
13,0.12361348427651556,0.09066683796110184,0.004593350202168321,0.13861227812448332,0.0705881655391499,0.020450295367241498,0.008715856368732735,-0.04402191839656141,-0.0017834787521427877,-0.050582923366287606,-0.01614464806790016,-0.0241522430884919,-0.0387934285200907,0.03739951268316867,0.06189317928284728,-0.02223524203785035,-0.08021769204089917,-0.04664657553780542,-0.003458802649555507,0.02308739255474569,-0.04462426441528071,0.2098470290519431,-0.2760626901595128,0.0009134217681803407,0.003936237099957272,-0.06709621007373802,0.23581589792227778,0.19809205034802707,0.2158270400344386,0.16659157743676212,0.0563962767780916,0.04794457872858789,-0.04995016498914359,-0.1329228265932531,0.20075239964592512,-0.06335311647411661,-0.03223292627763,-0.0591171306451905,-0.06219244117110423,0.00849787419247104,-0.03606855711758336,-0.01530829546377288,-0.014918434338019766,0.06872213690879497,-0.0581586184339781,-0.008797049921184042,0.022768015407722886,-0.0,s20011_0015,T1DM,DM15
14,-0.14121630722366157,-0.030151978978398577,-0.14035098972202645,0.15373460466365316,-0.12271647835241589,-0.09459377984677034,0.01685582392101122,-0.05100357791543923,-0.020990923624012593,-0.03849689612763791,-0.13228468032165178,0.039355022686256694,0.011655352251112095,-0.029245395438795403,0.004622893909288188,0.11263657351409274,-0.05484498242943088,0.020635916620189484,0.11737918302727654,0.07460237973721251,0.05669152870927578,-0.037308566259548336,-0.06403331515324297,-0.05586514378908818,-0.02933858380785122,-0.016503195303381433,0.07031591820459669,0.018576071444286517,-0.043752183812491095,-0.006237210769280345,-0.08102056424617915,0.05447143539283619,0.1358774976056616,0.11681469772726501,0.05271177101673928,0.041490934860116166,-0.022864119431869858,-0.09648154146922795,0.125406377440068,0.1826569355065697,0.2801624466956723,0.28765797416744093,0.021379466975438705,0.0900912481761837,0.06226505766365006,-0.025717268448679335,0.0351028367243935,-0.0,s20011_0016,H,K4
15,-0.07386945727744966,-0.06068766469070402,0.15962370320226563,-0.08901342277384197,-0.073130287691881,0.16251317201775678,-0.20095647017660098,0.011527418520389415,-0.11584012014966151,0.11130792941830187,-0.15215425860110193,0.02367955879569938,0.05309127749972164,-0.024604502531750526,0.042375019900471655,-0.10397501323459175,-0.09030639266100271,0.15433423553086426,0.030727400222257534,-0.1094799987836124,-0.10125166888842511,-0.001029285992541301,-0.1563142837704037,-0.13966524542604658,-0.052060913477265686,0.018981169580382748,0.0716528090787144,-0.12338493831578529,-0.1993169198101861,0.18095790185026167,-0.006225273130051124,-0.09539960462136603,0.12462754461019754,0.10472024819640909,0.07548335811599151,0.04983546093114298,0.07187412337375956,0.06344866829099415,-0.07852371674977636,-0.026297134696296073,-0.11543365704064466,0.037910524721666845,0.028441423623852876,0.041287443699758355,-0.03429862245372065,0.08077561448273177,0.04163956391335974,-0.0,s20011_0017,T3cDM,PDM4
16,-0.14730641667907554,0.01358475473574476,0.003138203466192063,-0.023471554904756636,0.12115140570016278,0.020152131519897937,-0.13602512787593438,-0.13890712434065064,0.08784219550120294,0.04801863764700302,0.1247589560806088,0.04998152805899439,0.02406678456860489,0.00053046507668211,0.12497134999695414,0.01941063072017753,-0.07676974492591583,-0.1028022577845243,0.13177019198503065,-0.16543489290589852,0.025704066364876422,0.09571019862336681,0.022231238149808742,-0.13013619241806598,0.1307981121603257,0.09933135047422252,0.13378416354626338,-0.011929211772582438,0.13143068620190448,-0.16141768208788376,-0.04514811272553174,-0.057641028501606434,-0.07108983500359711,0.12872790699158063,-0.18432813914537607,0.09682900737128573,-0.08275194839752081,-0.11476321565436881,-0.07691258776329943,0.06562811223508705,-0.07213500184311368,0.05978706036152315,0.1402765510523416,-0.13272155062476254,-0.1048936596032139,-0.015650946377551787,0.00471273261059289,-0.0,s20011_0018,T3cDM,PDM16
17,-0.037701424206503395,-0.18052517510675448,-0.06692906320714105,-0.03111787170877083,0.07012446605962303,0.05370753658640779,0.024686826919278815,0.1408726964046452,0.09600075879580203,0.08646922460010002,-0.07767347545047971,0.018461959929913827,-0.017727346010498416,0.00555703290368306,0.03305588123413929,-0.027084991241641754,-0.026419531099204276,-0.03213779494251534,0.058274628362542866,0.004681815433853048,-0.10169664409215115,-0.003981656758861629,-0.05107804548356902,-0.037552033742222705,0.050105816038424476,0.022335988333112965,-0.06104090885621329,-0.0326262183133335,0.07497008844394697,-0.056178603484148784,-0.05285118318357016,0.13945895264341973,0.10120423604577597,-0.08080233695029852,0.01838014438989144,0.054213778653389055,-0.06562629131888222,0.04690783399468947,-0.09625905215480725,0.17778187678757593,-0.06429614307269264,-0.19908328409964599,0.15340178872628038,0.0930010683084615,0.35738426854947236,-0.1253645892812273,-0.02968346852018437,-0.0,s20011_0019,T1DM,DM4
18,0.004363538014596472,-0.3049392293060022,-0.0553896951875876,0.0122936406774379,0.048134193749805286,-0.0294554698969644,0.007872176997467461,0.014940965356484615,-0.08670492208991779,0.009931854999905787,-0.002865706891813501,-0.04971789664925336,-0.05658217709478449,-0.01730121775368186,-0.030764240494825196,-0.04675946696240035,0.0006389918270064877,-0.052202469371697924,-0.03900440119792293,0.007368297004867937,0.013043175461872943,-0.06725746107970315,0.04837705186974476,0.017427451676530772,0.0206879508303736,-0.0013282721461812812,-0.038058396874905906,0.011947249676154943,0.05998023299732931,-0.004727177891433755,0.020539977569559,-0.022383118643259335,0.05563412111274172,-0.10436626960902197,-0.024131768297481083,-0.06264153071113936,-0.006223170789701902,0.02592061692541756,0.07064158391486516,-0.0014197220876799182,-0.048709392279163634,0.012805956888950495,0.07565991458268087,-0.020406701388004937,-0.13558832985069363,-0.033020103421499386,0.48728750140789245,-0.0,s20011_0020,T1DM,DM16
19,0.1066086316258132,0.0892215816557721,-0.07031903597692332,0.06358645401770024,-0.011196607371596848,0.005903502698167542,-0.06905460954665622,-0.22507849603570043,0.0028390375490828226,0.00111075837243941,0.0818232627746573,0.06970926645696483,0.03921778764328145,0.028121905051620495,-0.009937977706077603,0.20192854450908915,-0.16866235806006685,-0.07648614611507029,-0.050259550946514714,0.13572257714737068,-0.12441062995199514,-0.004703932241139019,0.10024804404726521,0.0878826217570335,0.07946711572491132,-0.0871376636183729,-0.03157178563049534,-0.09148090969182748,-0.040908545476351504,0.061305799642423095,0.037835636355070514,-0.20356814231735265,0.26207811816507953,-0.11062551698234482,0.016363189762674923,0.09902848184508303,-0.2075072333358656,0.09564306948367157,0.0008121581719237227,-0.021389747979595655,6.006937740078383e-06,-0.09072722178342156,0.00468605186693976,-0.036418199602152555,0.004787814549913956,0.06052100951909076,-0.01889900200458774,-0.0,s20011_0021,H,K5
20,-0.05658954342083968,-0.11713038140315576,0.056158733589316084,-0.04927613730574839,0.09040523431538801,-0.03156908245404383,-0.024361081224134263,-0.1687462781962544,0.08717276993268662,-0.07108332449478875,0.19950120443286734,0.015588242740802416,-0.007010832068452711,-0.035360855353331784,-0.053747938284681725,-0.0021281071589595866,0.02246347641294686,-0.09280544980862483,0.10044100567524075,0.21145275241135889,-0.007868236633157706,0.1850970820036217,0.066509898636813,-0.08121361385550808,-0.077672952629026,0.02622290980074665,0.04018754055564798,0.043790527808597886,-0.13936582276669904,-0.11082040579575637,-0.03282806308879644,0.14791713367435474,0.11340289156635186,0.026375748312017333,0.16161493046930353,-0.012616048415405916,0.30523686676128214,0.11136678594883782,0.05392802618793834,-0.0393971650523291,-0.08812094347079777,0.003571842143722119,-0.023109594755277543,-0.046433616098770315,0.022615627965604033,0.01929540440581606,-0.019884331351399862,-0.0,s20011_0022,T3cDM,PDM5
21,-0.06855671120830974,0.0644498574429214,-0.03327335925327924,-0.018921626588911826,-0.17329119777953506,-0.007574257117879297,-0.23996395174056967,0.19679433681405167,0.19549479528995772,0.06958187504873416,0.09570391366222923,0.0021261332899205248,0.013989600032503588,-0.1628600331109767,-0.037377948079142805,-0.10885168848670887,0.10235771190898847,-0.27149634528135225,-0.12348832567407764,-0.008037211796698491,0.0615365492904294,-0.0886860721346281,0.02689094814061348,-0.1303742832440746,-0.006519835070528545,-0.20510218394183954,0.03914897347494078,0.059958988418785227,0.09577514017783707,0.03143923799462726,0.09933126669154577,-0.05680345396937798,0.05633242719305853,0.08176823284563386,0.03318266103195225,-0.07953228834990946,-0.04534396101459758,0.06085000925219437,0.07711049099824416,-0.04689042977768975,-0.0016819476160771791,0.03400262725578415,-0.03822868731643023,0.011516361118621244,0.05681707633747087,0.037955387769018974,-0.014522854114585317,-0.0,s20011_0023,T3cDM,PDM17
22,0.15740877438648723,0.04030257924792824,0.08753814988365399,0.05552401379386285,-0.06258370315202064,0.06490857222752984,-0.05007546628195405,-0.1333617271196179,-0.04810175341064333,0.04783340383575564,-0.08731486866362555,0.0727945511325989,0.1990778267373757,0.0534839736947907,-0.03814751637006754,-0.031062539827021972,0.13613073329132744,0.033529931802307504,0.00733701566943287,-0.03207342330545816,0.11773336586317593,0.034302679961248916,0.12174266538484009,0.17159961591565953,-0.14173941001990464,-0.09587123214195008,0.04109965205579849,-0.006091860115985315,0.16341117045318646,0.12228236032714326,-0.13662844999443488,0.23803632788924842,0.10638760652195539,0.18229262857424777,-0.11191118018117782,0.03120753324254479,-0.012685902626663375,-0.07964832337078863,0.09797825269548156,-0.006907634597111505,-0.08014721466324048,-0.12426919365212293,0.016478135411263257,-0.050748767068429804,0.02504761026311059,0.023521496380728656,0.0381095248333072,-0.0,s20011_0024,T1DM,DM5
23,-0.06718859606977769,-0.025942135119712245,-0.14043047391270883,-0.145120901526841,0.05810106953635598,0.05528199457796927,0.17143596373244951,-0.12001513273011583,0.002476314662289463,0.05759794649038789,0.05008458008832938,0.12756803322965024,-0.02638151748484008,-0.03153565724618139,-0.11339583331477368,-0.013991762808740552,0.006329597983143478,0.1905477031497405,-0.2649827778641498,-0.16079426145111594,0.14312734044481426,0.08616846039110185,0.10943473187297693,-0.09730867671253098,0.014680826533082182,-0.027714014602396128,-0.006131441917576313,0.2691286979040516,-0.03392306823125589,0.0427330153988482,-0.0845593287573202,-0.1719647537667943,0.027732314728565712,0.07886150861257454,0.08516540816490886,-0.029785934855977924,-0.010640544751966862,-0.0016123331863886461,-0.01784303154629414,0.0997485766106869,-0.0043577959490543605,-0.037595970968373846,-0.03933120757181425,0.012069939254637622,0.06360981393767359,-0.03197096652240191,-0.005416863413303325,-0.0,s20011_0025,T1DM,DM17
24,0.17017747970078084,0.017337078718476333,0.022659379864557454,0.11960321206530383,-0.10912772436790556,-0.10013989869460539,0.03434145427846414,-0.023370016045362783,-0.12125816052299357,0.05839496994253766,0.1198710529718069,0.028411638180706456,0.025494177014743408,-0.04014564439808506,0.016907134731120113,0.03332194074645818,0.024484525934897743,-0.0723561802130214,-0.005406757701165732,-0.08900269705472001,0.01653493121928255,0.03337959974210619,-0.006960426579244612,0.05584799603838867,-0.08920597641155947,0.05222802509374465,-0.06270154568968513,0.02507486551238318,0.05959614173459397,-0.07883234782349409,-0.059628760553924284,-0.022792828543309374,0.02713275901903429,0.044068479066125286,-0.14295072423924854,-0.039664330905752776,0.06952620461848277,0.21281203296246684,-0.37666852739420575,-0.028030534081724748,-0.004997843355460636,0.16900301235660065,-0.08949313862809531,0.19093459996481926,0.05327816420857907,-0.028971589105327978,0.033082220374414474,-0.0,s20011_0026,H,K6
25,-0.03629104840466626,-0.1250387968691683,0.10037237174037654,-0.22858226340250593,0.09488243896047224,-0.12768606256657103,-0.022323112266519878,-0.05167933040844363,0.053760960287434795,-0.14220796232394703,0.07091381084248456,0.014969232548193549,-0.0739530829531683,-0.038231781046646034,-0.09799212708080955,0.116034429516643,0.07957748118739501,0.028275643899654687,0.01538328891042166,0.0877977769371735,-0.031792568062006074,0.057142303130832815,-0.12006222837239643,-0.08363614718229191,-0.06200927472251738,-0.012959120918926184,-0.059637008762948064,-0.05965321957422484,-0.052793142668088926,0.10469165319462115,-0.030759292102232376,0.07628001346221909,-0.0485166452335306,0.15007952786832512,-0.07666722973327314,-0.10240072892956739,-0.2749416976219591,-0.09744268632131071,-0.06614024019741556,-0.19789093021897627,0.09964071124113234,-0.06645392050078018,-0.0022942559493571778,0.1688636231038555,-0.023472021304824404,-0.05359941664891753,0.009135893401331417,-0.0,s20011_0027,T3cDM,PDM6
26,-0.24635626097133356,0.21234780372254405,0.13228680599213297,0.021171865780998902,0.1663086871528505,-0.21381391132511549,0.09557519369083185,-0.010400342049784943,-0.019998419518996707,0.1283643654575162,-0.030056321422165917,0.10115548797279493,-0.042709931296244494,0.21926659788478187,-0.009264796844121691,-0.1169896208852702,0.023106182217505242,-0.09549601967482865,-0.11522675941761405,-0.052278136074988255,0.0650520887758853,-0.1732271030179648,-0.04890476084921151,0.0876993228138391,0.030482728796785593,0.025573261759380288,0.04264085821693259,-0.056006077700566655,-0.0692073762312365,-0.06607046361306612,0.08405203770878099,0.07120243191306992,0.20975240663080932,-0.02506810496126808,0.0723039553331373,-0.03768380296776077,0.014441658416519104,-0.11500645772255957,-0.05512927523912277,-0.07972475192651934,-0.05492674984674267,0.014569213190204645,-0.0319824839711273,0.030560611734516685,-0.03201747001487054,-0.10992677054540838,-0.001940397652103135,-0.0,s20011_0028,T3cDM,PDM18
27,0.0035079245873184165,-0.14576869939793005,-0.062459190396045326,-0.019154622213016774,0.09302013600623567,-0.13550638716850655,-0.044403080719808065,0.1851281029877939,-0.08251448600647901,0.01575081645368839,0.03016362550609219,0.1351869581556401,0.03326180384960596,-0.0012554454554352503,-0.03155067762676846,0.08241072288078599,-0.07473706754496169,0.08789853105646708,-0.10609038960308138,0.04713375625137638,-0.07547980616786265,0.01659154672337684,0.011660038283885645,0.02903577558358318,0.029482568601354404,-0.045893931770148784,-0.034052638473655104,-0.03083723196461769,0.0076977725534980715,0.043931756848477395,0.05416119116123895,0.1684585416595622,-0.00964848537676944,-0.024785602152131013,-0.028647630197443676,-0.1639701399897485,-0.03144497683324578,-0.08404644313537331,-0.13340912938699304,0.11626709140313225,-0.05204592029878047,0.1311991909643163,-0.06606284498769865,-0.26814076083015065,0.012599219421238105,0.27466728469288504,-0.07587064752492641,-0.0,s20011_0029,T1DM,DM6
28,-0.05763539008438573,-0.09097362397302824,0.005777776712281138,0.07196537696279401,-0.042106184695060445,0.11295469657745881,0.18300061909198267,0.12764274787746,-0.016334831185366896,-0.11867648010188023,-0.04986896599372332,0.1953165431194393,0.07997469941768445,0.0619887926454592,0.10151051684939824,-0.15804773041713444,-0.09629771992565407,-0.25818236297003166,-0.15325547394402042,0.08048903581642287,-0.13599585454402768,0.12726858829659396,0.008870030541135693,0.12778222062259265,0.045800623275577955,-0.03799226088345787,0.06571202339066606,-0.013709484323191877,-0.19138272766794195,0.0010106771124223884,-0.12112677057182189,-0.06270773578828204,-0.14098644366322707,0.10954922592351218,-0.11045257841888069,0.01855391228227553,0.022062233277273035,-0.019070203597713588,0.026906005499536343,-0.014431584784932273,0.07533893595061841,-0.06450701662463622,0.0014806467559364926,0.04386595728351188,-0.04309687682692784,0.014495659100350994,0.0001654272443967486,-0.0,s20011_0030,T1DM,DM18
29,-0.17534621153504645,-0.05556904850822845,0.08282780698539126,0.35351172509143786,0.04806392396535811,-0.06814977994693969,0.0011644924326381567,0.0459646079703137,-0.0380437463018443,-0.10497966253259901,-0.08466713636635273,-0.18446778535789277,0.11378822046863207,-0.0737159283677775,-0.017179549165809025,0.11052599859654495,0.11954488998332419,0.020010042315194397,-0.11150353345802322,0.03890768160910649,0.11217080254714522,-0.06244827285008743,-0.016832348820897878,-0.14564229704512735,0.05732007524550276,0.050106084093623826,-0.04877066036753903,0.14142006870321608,-0.08327093244064993,-0.004017028189959029,-0.035057270374174755,0.012099225699312762,-0.0342907498450283,0.00017584936412112895,0.009352749540713514,0.19622838242138793,-0.030629106171634345,0.020628953624999037,-0.10719035867689336,-0.1045186733826439,-0.018900285912674522,-0.15754824618422936,0.04770364518911579,-0.05213245717998373,-0.016520423722722572,0.12310050410820778,-0.021341054120707772,-0.0,s20011_0031,H,K7
30,-0.030372669868136228,0.0844704381651945,-0.030200694142890623,-0.16194313084239464,-0.1473489647687777,-0.04827851417524697,0.04194940536521245,-0.031321559774717275,0.12933809895220716,0.13352476183900738,-0.2222534775722764,-0.2154218605170828,0.1284957784718574,0.17157627138235101,0.02313487246183709,0.1509580271301922,0.1893853454655458,-0.047394016924170314,-0.08319911946605373,-0.01424289986385603,-0.011588700640762173,0.2753714213246901,-0.04499697502400545,-0.03585371259417778,0.05801461453730555,-0.08188427368736773,-0.05713496807133676,-0.09405579097968605,-0.06220212194638971,-0.10356761720616749,-0.05370138491212264,-0.03323807512873896,-0.014324100572676728,-0.13148223019852032,-0.030270383852220167,-0.0966703385471469,0.034493570007635754,-0.00017147425052586442,-0.02711963004983021,0.03401369723735143,0.013288508656680112,0.034067269420815546,0.014316488289307736,-0.03446417539480545,-0.04819609540715222,0.02951509470455876,0.03900177768453576,-0.0,s20011_0032,T3cDM,PDM7
31,0.16486804013090245,-0.013251908200148682,0.02087336744466142,0.12042287622701785,0.0297799878444985,-0.10454037607325957,0.03804086508438341,0.025156675102732298,-0.02604457363230601,0.10003462131408114,0.035551588115564074,0.09012997597897383,0.12725876803839603,0.024996243143968793,0.013274666429508631,-0.017220376699806927,-0.10931062427538221,0.041611712689672176,0.015930055384737674,-0.06257250085559111,0.04334397116750713,0.08747831080057403,0.1029045211465669,-0.11240433006639236,-0.14892003764639736,-0.025873317839296032,-0.14155530048728238,-0.08174868278964907,0.018679371208307677,-0.03413801117942658,0.20610010171068163,-0.10397986558536586,-0.09074353165830241,-0.018953643977601905,0.07538010842263897,-0.08171760052220219,0.10208871328800011,-0.14374420793683845,0.07132406825047849,-0.12188014808000723,0.0928454902375047,-0.02547090367753786,0.3187300238040925,0.10513928022282149,0.03660280962604091,0.05055480069211801,-0.04487085547297933,-0.0,s20011_0033,T1DM,DM7
32,0.0999877406338215,0.07332854194766991,-0.05689885739880448,0.027185317664450866,0.05622933807047604,0.03605775274283415,0.07627339956833501,0.13500878521840826,-0.059038020988913316,0.006021071687375287,0.06292022216701237,0.06933393171085676,0.0020967762358083996,0.23094900736075377,0.10996467863434352,0.028675693912145948,0.2193381198030851,0.039925062734921635,0.28003747805747436,-0.0018880508308638192,-0.1441425434489345,-0.11372942314802836,0.19132789674026562,-0.1695052832584668,0.0777002820872349,-0.15965864430400195,0.017713796356584596,0.11973933447072381,-0.07879340127368827,0.10710105429034728,-0.09797416560690057,-0.024546505859243704,-0.04274518955062521,0.0023913031861167817,0.08341807841099697,-0.02466982826186363,-0.054936323276162796,0.05262464788908234,-0.03157623747289538,-0.06852466292285576,-0.019208362980137617,0.06221574164748386,0.011230691771687193,-0.04836287905532966,-0.029603074985558038,-0.06618868457262578,0.008827145685691594,-0.0,s20011_0034,T1DM,DM19
33,0.0680646957718738,0.0784340574122851,-0.10677460722879098,0.0939231610084025,-0.1008470862567373,0.07285653120635194,-0.08664086229671772,-0.027551359264109763,-0.13435170587778492,-0.13371565919612352,0.05027805253511542,0.21760681224773107,-0.17904236032495371,0.045854304283302276,-0.06807029523025956,0.0677076305266665,0.31624541140025353,-0.06426753046905896,-0.020688612079729947,-0.029562320722418167,0.018019053741448878,0.042570650263186835,-0.15985580836608537,-0.06281017806757598,-0.06789323032861189,0.1644395677597147,-0.05697334035367976,-0.08431531624134866,-0.08128196641132235,0.01373187903814716,0.15727565832700313,-0.05872640001853058,-0.012483456776808774,-0.052109474921738584,-0.08126908097757131,0.009408231260395545,0.03825461904754258,-0.0673496795145349,0.06885861311224516,0.1637565274529723,-0.07384133754588351,-0.08272527856421688,0.0009884983776331292,-0.04913672682620606,0.011046669859900366,-0.03993948911024959,-0.0033575725748134374,-0.0,s20011_0035,H,K8
34,-0.24204668079928984,0.023935728538457816,0.28818728444312036,-0.005789606264382448,0.07244125225163384,-0.11062813602476151,-0.12219096748708186,-0.055829012289466795,-0.10672554662976108,-0.023086138093974553,0.04391562985411169,-0.038281755194276686,-0.007850943172261579,0.06885276738852066,-0.08105028345918867,-0.14691594814676057,0.06386973591577808,0.002581618681644141,0.08269127969758147,-0.006735144214340669,-0.0007821860047097343,0.07353093146965908,0.12154520982284421,0.10355523328131558,-0.027404833777495752,0.048462877583655126,-0.0074317094583155625,0.003402780502639192,0.07596531233379344,0.12032108473487178,-0.04951076318168764,-0.12817129926174792,-0.14836157471018102,-0.1539338851363789,-0.02126076672907889,-0.05401717827970736,-0.06524819356652886,0.16929053194578944,0.09606758505025244,0.18167919315008205,0.13907038958119805,0.009203988470614021,0.00456165359739743,0.03129301199005971,0.10410522576722592,0.09545058465407169,-0.026339429802217474,-0.0,s20011_0036,T3cDM,PDM8
35,0.15970483968380642,0.0324755413370586,0.14280906432909135,0.05481460653102702,-0.03101809189850247,-0.07308887340899121,0.07707603209284465,0.08163730692270149,-0.019227873790934796,0.01944534746272773,-0.015194477745758304,-0.0032470758868157258,-0.14422925762469926,-0.08660152890908462,-0.11375955814780747,-0.04251610025356669,-0.14595973796177727,-0.006884143801817567,0.13295943836215168,-0.20462806891285026,0.022192827797878484,0.05343560771576038,-0.10799243952052884,-0.07005078751772945,-0.15461339418474263,-0.14294381490421057,0.006927294031663477,0.0737338960139689,-0.1462908783984261,-0.20267840649238825,-0.15381992070628642,0.005233729126102817,0.062634489133742,-0.1582876355804272,-0.1113293863767475,0.023351340962150996,-0.11334420637551719,-0.013215854817421878,0.1540559636497065,-0.050418231671194545,-0.023811959870835026,-0.043207877146214935,-0.0987671675261944,-0.12080302954153625,0.019518780630042334,0.015546984007846161,-0.0191391700219007,-0.0,s20011_0037,T1DM,DM8
36,0.013750316412273634,-0.2508400090362473,-0.09300393162759939,-0.03419969172184775,-0.03426684350953355,-0.024378605816946106,0.0646093605071013,-0.04303876758459975,-0.0608193516657641,-0.010136133136963035,-0.0854221112360237,-0.04930846635404265,-0.0914047053081809,0.01894341853843534,-0.014798536733750799,-0.06294451694822657,0.05098646192124323,-0.047558884400182355,-0.02793843177976842,-0.028871530808784577,-0.001674788857797629,-0.09695546958171689,-0.029710270254289198,0.02745390790441848,0.01426783797096124,0.024764516968865072,-0.02444964067254702,0.030153071121629647,0.11018418376442266,-0.0027379175191719713,-0.06859807012050037,0.020523254279783153,0.09888975015740178,-0.04206000552977358,-0.027509201308603033,-0.047025703149270265,-0.024630217468119733,0.15160614261883715,0.11054604034593661,0.003244327407848012,-0.10328759807164106,0.061777892510091026,0.1754583151195883,0.09862329713499786,-0.28323720754940346,0.021596898880639512,-0.32204565161717996,-0.0,s20011_0038,T1DM,DM20
37,0.09801506879196982,-0.12042934407446512,-0.056541589392876575,-0.10522488387663063,0.044911054149989756,-0.003975943759923388,-0.027315286640844837,0.010441698889150417,-0.0055131101998452435,0.10252970844691447,0.053799139946196714,-0.05414056713611664,0.020322810153842876,0.10847543442557983,0.1022386704389922,-0.03851394613453404,0.0048128568571898876,0.03125592924707806,0.06753283578961791,0.0030806242714144184,0.02556689919104174,-0.10852891407893255,-0.07130464395596452,-0.055039071194374775,0.0008224297193191255,0.006700461528141283,0.08612001315543533,0.05217109532001348,0.050067446250679604,-0.029893460647121572,0.09987109829026085,-0.03447260705804672,0.098539035158455,0.0018287208649177187,-0.135668036605806,0.0268973433733974,0.1679418350207089,-0.011106856609945535,-0.036808131643975,0.04619007337699137,0.345044785460967,-0.27319142942627767,-0.18031397953977993,0.006700194512199508,-0.09442697219025922,0.10098676213305033,-0.03463264550444137,-0.0,s20011_0039,H,K9
38,-0.026899522221218383,-0.058664185305952264,0.2723961017938419,-0.22075675215918897,-0.12285972520311063,0.03117677026488928,0.04418945147964158,0.017367008679698127,0.006931263592819909,-0.17330339242285245,-0.02244152635164959,0.15427987807290874,-0.009189458619705777,0.07571208307530355,0.13309184493129375,0.27655379719852496,-0.061668570038320616,-0.02224925299744349,-0.03133264713784647,-0.03675015483038299,0.09286582775747632,-0.17098106790046347,-0.07903063628911121,0.05754346061564293,0.0013592183897734094,-0.13901137873056096,-0.06250990434072791,0.06844556231294043,0.12962700913573735,-0.06689673778841529,0.03969490882689785,-0.02154637964098409,-0.09859771679752866,-0.037848596317224724,0.07660621722937383,0.16092419684443468,0.12661813407928604,0.025015219910548125,0.021864544604239405,0.010666453570508466,-0.042687738701962935,0.041107315967939255,0.028944643548762982,0.00047898161149716596,0.03647167213848005,0.023090428201496007,0.022856499748455876,-0.0,s20011_0040,T3cDM,PDM9
39,0.14062756820076963,0.042031486829965825,0.1561533036636558,-0.0771224372377925,-0.1607768040650816,-0.06672989459831334,0.22014051366897358,0.011553361212773583,0.08885862034313768,0.09215971730567944,-0.025565611235112647,-0.041401542815751625,0.013405313015007372,-0.18006361540236332,-0.010297162788510034,0.12173760605337997,-0.03128246207371555,-0.14816325088289695,0.03127285110996106,-0.023188498067628974,-0.02518749632681514,-0.12713630401384357,0.1483942452239754,-0.06654779774216067,-0.0005207915329555779,0.33053989587981214,0.17007847623270864,-0.011506736612069898,-0.04847170319818914,0.17727992432077821,-0.015312918753895632,0.02481684940937817,-0.024303902281007924,-0.041179161970959846,0.06325384969145764,-0.0873946486825251,-0.012390362541887117,-0.06141168557199988,-0.009514380949847325,0.07709695046375767,-0.010874885872924638,-0.05341441010380979,0.0050207104528008474,-0.05499993539675394,-0.022975512172706915,0.0014671879657750658,0.000881726167912075,-0.0,s20011_0041,T1DM,DM9
40,-0.06692624893448144,0.10179910531897593,-0.1409079119940464,0.05757972509783611,0.09640755546896275,-0.13426437500974261,-0.09444667476856695,0.15077644935426282,0.03670918786733937,0.034019745706265966,-0.02797750870478405,0.08860726097430953,0.03298956759491305,-0.049182237296643755,0.12716721555663768,0.1352532293227811,-0.07664255699451722,0.0496460200846439,0.057417256739982644,-0.04716146272688986,0.0016015250051918221,0.04126752446135256,0.003960495893685435,0.015096695181229912,0.027109348208844253,0.13766886618164062,-0.14457731918077718,-0.0973382854973672,0.1074987621368466,-0.008348102517172485,-0.19648262634730157,-0.06211204818206512,-0.05375046903720027,0.05795512210432549,0.10110522781787418,-0.053713367978225714,0.062074512744786585,0.02222216519018895,0.18347845041377883,-0.015526101446404799,-0.13778733055418738,-0.11982639828081561,-0.2314531449072502,0.17547622476527977,-0.07802559392761672,0.04590711131752056,0.027502646049749748,-0.0,s20011_0042,T1DM,DM21
41,0.04958729500469175,0.008178960202352138,-0.10922330824113823,0.06587079670150493,0.024142111446532583,0.05928519452845067,-0.13041147831497912,-0.07567432076336308,0.04205070907682534,-0.04808653757897942,-0.06838790389972463,0.021597483716356128,-0.06860945329675336,0.040894415886282946,0.08401433063450724,0.09370449414122917,-0.05164557860638039,0.07448814021973306,-0.0306963460771298,-0.11613066382178236,0.18812278845049593,-0.08636256680864558,0.007806899621503164,0.11427700421368808,0.07814939724364577,0.016563946294827502,0.21298101640843362,-0.07374831098639906,-0.16765919441831076,-0.08869735398879672,0.04416056199854436,0.11572058299196286,-0.15006667432710735,0.02806656623281461,0.04933189049543131,-0.23553548397334323,-0.04907881111244427,0.2534141661138411,0.02822237359745873,-0.10185219930033855,0.06786009598353626,-0.06397779513207996,0.07619142902367616,-0.041582580038942614,0.08512216311468886,-0.018896903050125726,0.011061330458880261,-0.0,s20011_0043,H,K10
42,0.04836569642980751,-0.15954296149721847,0.1007052105905724,0.07684427589402772,0.05797020620185395,-0.01868652970164153,-0.1395621501990337,0.06079465526743492,-0.06237135307359315,0.06385110582940681,0.03956635449934178,-0.06870358139102815,0.12760689294925873,-0.05116994618597381,0.05628913488817453,0.0898821216650609,-0.04340544552283948,0.07288369026771213,-0.11291289896668744,0.09330513487114923,0.020867277714099478,0.01114893865588717,0.0013027558834445337,0.012854140532965302,-0.0025152935759817307,-0.03513728159344245,0.012346920029334671,-0.013010103581306371,-0.027870507885097,0.07945355787243359,0.0027292799241650633,-0.08410641839576326,-0.04220614785482796,-0.05977570094204587,-0.09229427351594117,-0.04673588377167,0.07039313371012314,-0.05224784847333806,0.05813255521562868,0.017053538614614786,-0.005088510171523772,0.059138534280351186,-0.1005289668143428,-0.1247134787253821,-0.011272150026216616,-0.4502361977891843,-0.11809972096083483,-0.0,s20011_0044,T3cDM,PDM10
43,0.05620604893534712,-0.14493147368913012,-0.06333321245683467,-0.0010352127180137526,0.02683940414141891,-0.026626432403003282,0.12900872813382355,-0.06621213103835072,0.012778861943099967,0.01973520908338049,-0.056512578719625894,-0.07254126918686697,-0.012020411854136617,0.0804225891685268,0.006957738192897978,-0.07716385181673595,0.06102686488246491,-0.058871898781272664,0.018425488452309863,-0.08053284030577318,-0.07453003472099076,0.024346744935346613,-0.12696811172425299,0.05250383415244802,0.022477469130449398,0.16701217792862602,-0.06478197547507017,-0.03904209030420246,0.14866844897837292,0.043240759314983175,0.061069766711607465,-0.12548641375470812,-0.0038160367169453218,0.14712474952867086,0.07193132518995492,0.08585981266849846,-0.017678768941168686,0.06831827342580936,0.11674652283638884,-0.2544931407827617,0.037010380787336934,0.1280416220281482,-0.1090946707453689,-0.22866337736582446,0.22793286969769597,0.023231674126214814,-0.02006914580298728,-0.0,s20011_0045,T1DM,DM10
44,0.17342509225470712,0.1265022185486772,0.11897180142483063,0.04655622648573064,-0.01194127281292278,0.027044319382331563,0.09598963261625633,-0.0782528240723732,-0.017238666107135946,0.00010173217071981163,-0.02143256717003581,0.008865372762774791,-0.019280094261839863,-0.04478341321154977,-0.19473686264651263,-0.1252729084435173,-0.07778108518926327,0.028045974804893622,0.06272353582229341,0.14305097080990295,0.11945142468357402,-0.061744895147863965,-0.1274669667829325,-0.11512304203403932,0.39983907334063434,-0.09065686147024753,-0.15837658413279826,-0.11264609210137515,0.052080094248682915,0.012256602910968643,-0.04960836809190715,-0.004276162351982529,-0.05464359771032426,0.1090372754234166,-0.029465926805921746,-0.0982150863718977,0.08907883712917374,0.027607145625934863,-0.00011617983755216623,0.0759848656937969,-0.0037852738446395025,-0.01902407200286725,0.0058334279742813105,-0.02349885039623428,-0.007191448149616325,-0.007662573411488298,0.012021507255992771,-0.0,s20011_0046,T3cDM,PDM11
45,0.13694462435956237,-0.08608689646133534,-0.004600044089766595,-0.007937358854085395,0.04655605787408494,0.00499220031164329,-0.057451665845645324,-0.0364635763602156,0.07169807098770767,0.04326967368871599,0.0224746871404211,-0.0719069231564138,-0.05099116698219309,0.020529275172834736,0.021579825808374642,-0.019870327613005844,0.05794705351575642,0.07897465552667102,-0.020481714482871765,0.04907556865330156,0.024999381777609332,-0.03792004444565333,0.06923619293067534,0.0712354291046758,0.18078689251435925,0.01536175307220863,0.1411819825032404,0.07155675371304178,-0.11632343658101599,0.01735984202319334,0.06430291894593199,-0.017229584480891586,-0.0382129042627173,-0.12129782148073495,-0.1986654256909978,0.09148880983089806,0.050776738773882835,-0.18890190388611025,0.1146573111550318,-0.07293776143023205,-0.16097015603599163,0.15242509721034478,-0.07185701050623862,0.25720812128159326,0.16253664624366407,0.1447639901299465,-0.021312636126432707,-0.0,s20011_0047,T1DM,DM11
46,0.06946378454952253,0.13306295503504723,0.033256181754840845,-0.025688088555537836,0.06655483236460488,0.04089522069073348,-0.14950059341882738,0.09315830545078593,0.1730229716807109,-0.14324196722977675,-0.3004494776817902,0.1401689487944133,0.0019793171829684095,-0.008308021175351541,-0.22560458176424014,-0.023971606905476225,-0.014905813682420851,0.11499085759592324,0.0026376204759872126,0.09597886317287235,-0.17421302775907826,-0.015881444995395348,0.10688285870294491,0.023847292536684068,-0.026282121552428428,0.15279029878890252,0.03344202016931926,0.16140127787004724,0.10243988225986751,-0.13998221390528487,0.034394482909480516,-0.06179579098191749,0.04875937470337521,-0.01758392204567163,-0.07782331215750472,-0.011655053495616012,0.06943272609944,0.03617203889748837,-0.06422599293827455,-0.08942191788534128,0.06321789023960975,0.038887987595006945,0.0328209933892848,-0.020115079923354755,-0.057194329436424704,-0.05415556898262497,0.020928501358476567,-0.0,s20011_0048,T3cDM,PDM12
47,-0.04497784833133305,0.13480576317523787,-0.05131393291367878,-0.13928451416251908,0.257168673644051,0.2539259254006573,0.07594905426759214,0.11727364061209797,-0.2944885267685645,0.19280745895452678,-0.0642506895516335,-0.06014914119315385,0.033480905501533785,-0.16648017908002669,-0.10753079547034426,0.14346372849922745,0.03755810984252751,-0.1427846078927037,0.07365079516787068,0.13153881848142568,0.09515944078985224,0.016717758622168056,-0.01065564665940599,0.06767436129880408,-0.05936768518097926,-0.014184821667091028,0.04999901943292405,0.007120458632991556,0.01150900688475401,-0.09319837589311974,0.07758052062027701,-0.014003080833597255,-0.046380988327782785,0.03289311974740355,0.014706423051146974,0.0493364129156553,-0.042728971397737646,0.02980716711682322,0.02844929482834977,-0.029084271907113723,0.01636775218690747,0.04879107589644062,0.008594970314714357,0.0369490852311391,-0.001964865729866361,0.03085154072144194,-0.01834055958918969,-0.0,s20011_0049,T1DM,DM12
